<?xml version="1.0" encoding="UTF-8"?>
<project-private xmlns="http://www.netbeans.org/ns/project-private/1">
    <editor-bookmarks xmlns="http://www.netbeans.org/ns/editor-bookmarks/2" lastBookmarkId="0"/>
    <open-files xmlns="http://www.netbeans.org/ns/projectui-open-files/2">
        <group>
            <file>file:/Users/savithaswathi/Downloads/JavaApplication13/src/demo/sphinx/helloworld/HelloWorld.java</file>
            <file>file:/Users/savithaswathi/Downloads/JavaApplication13/src/demo/sphinx/helloworld/hello.gram</file>
            <file>file:/Users/savithaswathi/Downloads/JavaApplication13/src/demo/sphinx/helloworld/FP.java</file>
            <file>file:/Users/savithaswathi/Downloads/JavaApplication13/src/demo/sphinx/helloworld/SP.java</file>
        </group>
    </open-files>
</project-private>
